GCA	Assembly_UID	Assembly_search_term	Assembly_accession	BioSample	BioSample_refetched	BioSample_UID	geo_location	isolation_source	host	disease	host_health_state	collection_date	strain	sample_name	submitter_id	organism	biosample_title	all_biosample_attributes	error	GCA_clean	Bacterial accession	Phylogroup	target_contig.clean	#target_contig	stx_type
GCA_003018255.1	1651161	GCA_003018255.1[Assembly Accession]	GCF_003018255.1	SAMN08579579	SAMN08579579	8579579	USA	stool	Homo sapiens	Unknown	Unknown	2012-09	2012C-4502	Unknown	2012C-4502	Escherichia coli	Pathogen: clinical or host-associated sample from Escherichia coli	collected by=Unknown; collected_by=Unknown; collection date=2012-09; collection_date=2012-09; geo_loc_name=USA; geographic location=USA; host=Homo sapiens; host disease=Unknown; host_disease=Unknown; isolation source=stool; isolation_source=stool; lat_lon=Unknown; latitude and longitude=Unknown; pathotype=STEC; serotype=O185:H28; strain=2012C-4502		GCA_003018255.1	GCA_003018255.1	G	CP027440.1	CP027440.1:34024-95	stx2a
GCA_003018255.1	1651161	GCA_003018255.1[Assembly Accession]	GCF_003018255.1	SAMN08579579	SAMN08579579	8579579	USA	stool	Homo sapiens	Unknown	Unknown	2012-09	2012C-4502	Unknown	2012C-4502	Escherichia coli	Pathogen: clinical or host-associated sample from Escherichia coli	collected by=Unknown; collected_by=Unknown; collection date=2012-09; collection_date=2012-09; geo_loc_name=USA; geographic location=USA; host=Homo sapiens; host disease=Unknown; host_disease=Unknown; isolation source=stool; isolation_source=stool; lat_lon=Unknown; latitude and longitude=Unknown; pathotype=STEC; serotype=O185:H28; strain=2012C-4502		GCA_003018255.1	GCA_003018255.1	G	CP027440.1	CP027440.1:589027-6	stx1a
GCA_001902655.1	915161	GCA_001902655.1[Assembly Accession]	GCF_001902655.1	SAMN05954725	SAMN05954725	5954725	Switzerland	stool sample	Homo sapiens	diarrhea	Unknown	2011	N11-1317	Unknown	EC N11-1317	Escherichia coli	Pathogen: clinical or host-associated sample from Escherichia coli	collected by=Roger Stephan; collected_by=Roger Stephan; collection date=2011; collection_date=2011; geo_loc_name=Switzerland; geographic location=Switzerland; host=Homo sapiens; host disease=diarrhea; host_disease=diarrhea; isolation source=stool sample; isolation_source=stool sample; lat_lon=Unknown; latitude and longitude=Unknown; strain=N11-1317		GCA_001902655.1	GCA_001902655.1	G	MPGQ01000001.1	MPGQ01000001.1:2796	stx2b
GCA_000937135.2	732871	GCA_000937135.2[Assembly Accession]	GCF_000937135.2	SAMEA2593954	SAMEA2593954	3090461	Norway	Human faeces	Homo sapiens	Unknown	Unknown	16/04/2010	FHI74	FHI74	FHI74	Escherichia coli	Non-O157 STEC	collection date=2010-04-16; collection_date=2010-04-16; ena first public=2014-09-30; ena last update=2016-10-21; ena-checklist=ERC000028; external id=SAMEA2593954; geo_loc_name=Norway; geographic location=Norway; geographic location (country and/or sea)=Norway; host=Homo sapiens; host health state=Unknown; host scientific name=Homo sapiens; host_health_state=Unknown; insdc center alias=NTNU; insdc center name=NTNU; insdc first public=2014-09-30T17:11:53Z; insdc last update=2016-10-21T09:45:09Z; insdc status=public; isolation source=Human faeces; isolation_source=Human faeces; sample name=FHI74; sample_name=FHI74; strain=FHI74; submitter id=FHI74		GCA_000937135.2	GCA_000937135.2	B2-2	LM996604.1	LM996604.1:154-3327	stx1a
GCA_003019035.1	1651551	GCA_003019035.1[Assembly Accession]	GCF_003019035.1	SAMN08579581	SAMN08579581	8579581	USA	stool	Homo sapiens	Unknown	Unknown	2013-06	2014C-3075	Unknown	2014C-3075	Escherichia coli	Pathogen: clinical or host-associated sample from Escherichia coli	collected by=Unknown; collected_by=Unknown; collection date=2013-06; collection_date=2013-06; geo_loc_name=USA; geographic location=USA; host=Homo sapiens; host disease=Unknown; host_disease=Unknown; isolation source=stool; isolation_source=stool; lat_lon=Unknown; latitude and longitude=Unknown; pathotype=STEC; serotype=O36:H42; strain=2014C-3075		GCA_003019035.1	GCA_003019035.1	F	CP027447.1	CP027447.1:1348172-	stx1d
GCA_001677475.1	763981	GCA_001677475.1[Assembly Accession]	GCF_001677475.1	SAMN02808332	SAMN02808332	2808332	USA:CA	alfalfa sprout	Unknown	Unknown	Unknown	2006	06-00048	Unknown	06-00048	Escherichia coli	Pathogen: environmental/food/other sample from Escherichia coli	collected by=Unknown; collected_by=Unknown; collection date=2006; collection_date=2006; geo_loc_name=USA:CA; geographic location=USA:CA; host disease=Unknown; host_disease=Unknown; ifsac category=seeded vegetables (legumes), sprouts; ifsac_category=seeded vegetables (legumes), sprouts; interagency food safety analytics collaboration (ifsac) category=seeded vegetables (legumes), sprouts; isolate name alias=CFSAN004178; isolate_name_alias=CFSAN004178; isolation source=alfalfa sprout; isolation_source=alfalfa sprout; lat_lon=Unknown; latitude and longitude=Unknown; ontological term=alfalfa sprout:FOODON_00002670; project name=GenomeTrakr; project_name=GenomeTrakr; sequenced by=FDA Center for Food Safety and Applied Nutrition; sequenced_by=FDA Center for Food Safety and Applied Nutrition; serovar=O36:H14; source type=food; source_type=food; strain=06-00048; toxin=stx1-, stx2+		GCA_001677475.1	GCA_001677475.1	D2	CP015229.1	CP015229.1:3347999-	stx2g
GCA_002968075.1	1615621	GCA_002968075.1[Assembly Accession]	GCF_002968075.1	SAMN08581619	SAMN08581619	8581619	USA	Unknown	Unknown	Unknown	Unknown	Unknown	NCDC 62-57 NalR-Br23R2	Unknown	ATCC 23545 Phage Resistant Mutant (ompR nonsense)	Escherichia coli	Pathogen: clinical or host-associated sample from Escherichia coli	collected by=Unknown; collected_by=Unknown; collection date=Unknown; collection_date=Unknown; geo_loc_name=Unknown; geographic location=Unknown; host=Unknown; host disease=Unknown; host_disease=Unknown; isolation source=Unknown; isolation_source=Unknown; lat_lon=Unknown; latitude and longitude=Unknown; note=Originally submitted as Escherichia coli strain ATCC 23545-Br23R2; pathotype=STEC; phage resistant mutant=resistant to bacteriophage Br23; serotype=O138:K81(B):H14; strain=NCDC 62-57 NalR-Br23R2; subsource note=Br23 phage resistant mutant of parent strain ATCC 23545; subsrc-note=Br23 phage resistant mutant of parent strain ATCC 23545; subsrc_note=Br23 phage resistant mutant of parent strain ATCC 23545		GCA_002968075.1	GCA_002968075.1	D2	PUQC01000289.1	PUQC01000289.1:603-	stx2e
GCA_003018235.1	1651151	GCA_003018235.1[Assembly Accession]	GCF_003018235.1	SAMN08579578	SAMN08579578	8579578	USA	Unknown	Unknown	Unknown	Unknown	Unknown	2012C-4221	Unknown	2012C-4221	Escherichia coli	Pathogen: clinical or host-associated sample from Escherichia coli	collected by=CDC; collected_by=CDC; collection date=Unknown; collection_date=Unknown; geo_loc_name=USA; geographic location=USA; host=Unknown; host disease=Unknown; host_disease=Unknown; isolate=Unknown; isolation source=Unknown; isolation_source=Unknown; lat_lon=Unknown; latitude and longitude=Unknown; pathotype=STEC; serotype=O101:H6; strain=2012C-4221		GCA_003018235.1	GCA_003018235.1	D2	CP027437.1	CP027437.1:38453-86	stx2j
GCA_001607795.1	714701	GCA_001607795.1[Assembly Accession]	GCF_001607795.1	SAMN04002697	SAMN04002697	4002697	Netherlands	stool	Homo sapiens	Diarrhoea	Unknown	2013-11	STEC 2861	Unknown	STEC 2861	Escherichia coli	Pathogen: clinical or host-associated sample from Escherichia coli	collected by=Dr. John W.A. Rossen; collected_by=Dr. John W.A. Rossen; collection date=2013-11; collection_date=2013-11; geo_loc_name=Netherlands; geographic location=Netherlands; host=Homo sapiens; host age=57; host disease=Diarrhoea; host sex=female; host_age=57; host_disease=Diarrhoea; host_sex=female; isolation source=stool; isolation_source=stool; lat_lon=51.9 N 4.50 E; latitude and longitude=51.9 N 4.50 E; pathotype=STEC; serotype=O1:H20; strain=STEC 2861; subtype=stx2d		GCA_001607795.1	GCA_001607795.1	D2	LOIR01000058.1	LOIR01000058.1:1034	stx2d
GCA_002319525.1	1206521	GCA_002319525.1[Assembly Accession]	GCF_002319525.1	SAMN07488854	SAMN07488854	7488854	USA: Iowa	feces	Sus scrofa	Unknown	Unknown	17/10/2000	F322	Unknown	F322	Escherichia coli	Pathogen: environmental/food/other sample from Escherichia coli	collected by=USDA ARS Eastern Regional Research Center; collected_by=USDA ARS Eastern Regional Research Center; collection date=2000-10-17; collection_date=2000-10-17; geo_loc_name=USA: Iowa; geographic location=USA: Iowa; host=Sus scrofa; isolation source=feces; isolation_source=feces; lat_lon=Unknown; latitude and longitude=Unknown; pathotype=STEC; pmid=15574914; serotype=O-:H51&24; serotypefinder=O-:34; strain=F322		GCA_002319525.1	GCA_002319525.1	D2	NWAP01000006.1	NWAP01000006.1:5029	stx1a
GCA_000164925.2	235178	GCA_000164925.2[Assembly Accession]	GCF_000164925.1	SAMN00792434	SAMN00792434	792434	Guatemala	Unknown	Homo sapiens	Unknown	Unknown	1969	1617	Unknown	42	Shigella dysenteriae 1617	MIGS Cultured Bacterial/Archaeal sample from Shigella dysenteriae  1617	broad-scale environmental context=terrestrial biome [ENVO:00000446]; collection date=1969; collection_date=1969; env_broad_scale=terrestrial biome [ENVO:00000446]; env_local_scale=human-associated habitat [ENVO:00009003]; env_medium=Unknown; environment (biome)=terrestrial biome [ENVO:00000446]; environment (feature)=human-associated habitat [ENVO:00009003]; environment (material)=Unknown; environmental medium=Unknown; finishing strategy (depth of coverage)=20x; geo_loc_name=Guatemala; geographic location=Guatemala; geographic location (country and/or sea,region)=Guatemala; geographic location (latitude and longitude)=Unknown; host=Homo sapiens; host age=Unknown; host body product=Unknown; host disease=Unknown; host phenotype=Unknown; host sex=Unknown; host_age=Unknown; host_body_product=Unknown; host_disease=Unknown; host_phenotype=Unknown; host_sex=Unknown; investigation type=bacteria_archaea; investigation_type=bacteria_archaea; isol_growth_condt=Unknown; isolation and growth condition=Unknown; lat_lon=Unknown; latitude and longitude=Unknown; local-scale environmental context=human-associated habitat [ENVO:00009003]; num_replicons=Unknown; number of replicons=Unknown; project name=Emerging Diarrheal Pathogens; project_name=Emerging Diarrheal Pathogens; ref_biomaterial=Unknown; reference for biomaterial=Unknown; serotype=Type 1; specific host=Homo sapiens; strain=1617		GCA_000164925.2	GCA_000164925.2	E1	ADUT01000057.1	ADUT01000057.1:1337	stx1a
GCA_002949755.1	1592481	GCA_002949755.1[Assembly Accession]	GCF_002949755.1	SAMN08330257	SAMN08330257	8330257	Unknown	Unknown	Unknown	Unknown	Unknown	Unknown	Jul-08	Unknown	Jul-08	Shigella dysenteriae	Pathogen: clinical or host-associated sample from Shigella dysenteriae	collected by=Unknown; collected_by=Unknown; collection date=Unknown; collection_date=Unknown; geo_loc_name=Unknown; geographic location=Unknown; host=Unknown; host disease=Unknown; host_disease=Unknown; isolation source=Unknown; isolation_source=Unknown; lat_lon=Unknown; latitude and longitude=Unknown; serotype=1; strain=07-3308		GCA_002949755.1	GCA_002949755.1	E1	CP026878.1	CP026878.1:1302117-	stx1a
GCA_002949775.1	1592521	GCA_002949775.1[Assembly Accession]	GCF_002949775.1	SAMN08330258	SAMN08330258	8330258	Unknown	Unknown	Unknown	Unknown	Unknown	Unknown	53-3937	Unknown	53-3937	Shigella dysenteriae	Pathogen: clinical or host-associated sample from Shigella dysenteriae	collected by=Unknown; collected_by=Unknown; collection date=Unknown; collection_date=Unknown; geo_loc_name=Unknown; geographic location=Unknown; host=Unknown; host disease=Unknown; host_disease=Unknown; isolation source=Unknown; isolation_source=Unknown; lat_lon=Unknown; latitude and longitude=Unknown; serotype=1; strain=53-3937		GCA_002949775.1	GCA_002949775.1	E1	CP026780.1	CP026780.1:1112917-	stx1a
GCA_002949775.1	1592521	GCA_002949775.1[Assembly Accession]	GCF_002949775.1	SAMN08330258	SAMN08330258	8330258	Unknown	Unknown	Unknown	Unknown	Unknown	Unknown	53-3937	Unknown	53-3937	Shigella dysenteriae	Pathogen: clinical or host-associated sample from Shigella dysenteriae	collected by=Unknown; collected_by=Unknown; collection date=Unknown; collection_date=Unknown; geo_loc_name=Unknown; geographic location=Unknown; host=Unknown; host disease=Unknown; host_disease=Unknown; isolation source=Unknown; isolation_source=Unknown; lat_lon=Unknown; latitude and longitude=Unknown; serotype=1; strain=53-3937		GCA_002949775.1	GCA_002949775.1	E1	CP026780.1	CP026780.1:502654-5	stx1a
GCA_002949775.1	1592521	GCA_002949775.1[Assembly Accession]	GCF_002949775.1	SAMN08330258	SAMN08330258	8330258	Unknown	Unknown	Unknown	Unknown	Unknown	Unknown	53-3937	Unknown	53-3937	Shigella dysenteriae	Pathogen: clinical or host-associated sample from Shigella dysenteriae	collected by=Unknown; collected_by=Unknown; collection date=Unknown; collection_date=Unknown; geo_loc_name=Unknown; geographic location=Unknown; host=Unknown; host disease=Unknown; host_disease=Unknown; isolation source=Unknown; isolation_source=Unknown; lat_lon=Unknown; latitude and longitude=Unknown; serotype=1; strain=53-3937		GCA_002949775.1	GCA_002949775.1	E1	CP026780.1	CP026780.1:623950-4	stx1a
GCA_000941575.1	304821	GCA_000941575.1[Assembly Accession]	GCF_000941575.1	SAMEA2593971	SAMEA2593971	3090478	Norway	Human faeces	Homo sapiens	Unknown	Bloody diarrhoea	20/12/2010	FHI92	FHI92	FHI92	Escherichia coli	Non-O157 STEC	collection date=2010-12-20; collection_date=2010-12-20; ena first public=2014-09-30; ena last update=2016-10-21; ena-checklist=ERC000028; external id=SAMEA2593971; geo_loc_name=Norway; geographic location=Norway; geographic location (country and/or sea)=Norway; host=Homo sapiens; host health state=Bloody diarrhoea; host scientific name=Homo sapiens; host_health_state=Bloody diarrhoea; insdc center alias=NTNU; insdc center name=NTNU; insdc first public=2014-09-30T17:11:53Z; insdc last update=2016-10-21T09:45:02Z; insdc status=public; isolation source=Human faeces; isolation_source=Human faeces; sample name=FHI92; sample_name=FHI92; strain=FHI92; submitter id=FHI92		GCA_000941575.1	GCA_000941575.1	E1	LM997172.1	LM997172.1:433433-5	stx1c
GCA_000736735.1	201791	GCA_000736735.1[Assembly Accession]	GCF_000736735.1	SAMN02911890	SAMN02911890	2911890	Switzerland	Fecal sample from a deer	Unknown	Unknown	Unknown	01/06/2011	48	Unknown	E. coli isolate 48	Escherichia coli	Pathogen: environmental/food/other sample from Escherichia coli	collected by=Evelyne Hofer; collected_by=Evelyne Hofer; collection date=2011-06-01; collection_date=2011-06-01; geo_loc_name=Switzerland; geographic location=Switzerland; isolation source=Fecal sample from a deer; isolation_source=Fecal sample from a deer; lat_lon=Unknown; latitude and longitude=Unknown; strain=48		GCA_000736735.1	GCA_000736735.1	E1	JPQG01000003.1	JPQG01000003.1:1381	stx1c
GCA_002134395.1	1099051	GCA_002134395.1[Assembly Accession]	GCF_002134395.1	SAMN04420164	SAMN04420164	4420164	Canada	Unknown	Unknown	Unknown	Unknown	26/02/2015	OLC2142	Unknown	CA_CFIA-3957	Escherichia coli	CA_CFIA-3957	collection date=2015-02-26; collection_date=2015-02-26; genotype=vtx1d; geo_loc_name=Canada; geographic location=Canada; isolation source=Unknown; isolation_source=Unknown; sample type=cell culture; sample_type=cell culture; seqid=2014-SEQ-1350; serotype=O41:H26; strain=OLC2142		GCA_002134395.1	GCA_002134395.1	E1	NENO01000019.1	NENO01000019.1:1-47	stx1d
GCA_002134645.1	1099181	GCA_002134645.1[Assembly Accession]	GCF_002134645.1	SAMN04420188	SAMN04420188	4420188	Canada	Unknown	Unknown	Unknown	Unknown	21/12/2012	OLC1063	Unknown	CA_CFIA-833	Escherichia coli	CA_CFIA-833	collection date=2012-12-21; collection_date=2012-12-21; genotype=vtx1d; geo_loc_name=Canada; geographic location=Canada; isolation source=Unknown; isolation_source=Unknown; sample type=cell culture; sample_type=cell culture; seqid=2015-SEQ-1163; serotype=O41:H26; strain=OLC1063		GCA_002134645.1	GCA_002134645.1	E1	NEOM01000016.1	NEOM01000016.1:84-4	stx1d
GCA_001950775.1	951301	GCA_001950775.1[Assembly Accession]	GCF_001950775.1	SAMD00065527	SAMD00065527	6005746	Japan:Hokkaido	Unknown	Cervus nippon yesoensis	Unknown	Unknown	08/02/2016	16309	16309	Unknown	Escherichia coli	Escherichia coli str. 16309	broad-scale environmental context=forest biome; collection date=2016-02-08; collection_date=2016-02-08; env_broad_scale=forest biome; env_local_scale=mountain pass; env_medium=feces; environmental medium=feces; geo_loc_name=Japan:Hokkaido; geographic location=Japan:Hokkaido; host=Cervus nippon yesoensis; host taxonomy id=223998; host_spec_range=223998; host_taxid=223998; isol_growth_condt=Unknown; isolation and growth condition=Unknown; lat_lon=Unknown; latitude and longitude=Unknown; local-scale environmental context=mountain pass; num_replicons=1; number of replicons=1; pathogenicity=Shiga toxin-producing; project name=Draft genome sequencing of STEC isolated from wild deer; project_name=Draft genome sequencing of STEC isolated from wild deer; ref_biomaterial=Unknown; reference for biomaterial=Unknown; sample name=16309; sample_name=16309; strain=16309		GCA_001950775.1	GCA_001950775.1	E1	BDLM01000003.1	BDLM01000003.1:556-	stx1a
GCA_002133515.1	1098611	GCA_002133515.1[Assembly Accession]	GCF_002133515.1	SAMN04420143	SAMN04420143	4420143	Canada	Unknown	Unknown	Unknown	Unknown	16/12/2010	OLC992	Unknown	CA_CFIA-902	Escherichia coli	CA_CFIA-902	collection date=2010-12-16; collection_date=2010-12-16; genotype=vtx1d; geo_loc_name=Canada; geographic location=Canada; isolation source=Unknown; isolation_source=Unknown; sample type=cell culture; sample_type=cell culture; seqid=2014-SEQ-0127; serotype=O154:H31; strain=OLC992		GCA_002133515.1	GCA_002133515.1	E1	NEMT01000025.1	NEMT01000025.1:4567	stx1d
GCA_000937415.1	302881	GCA_000937415.1[Assembly Accession]	GCF_000937415.1	SAMEA2593976	SAMEA2593976	3090483	Norway	Human faeces	Homo sapiens	Unknown	Gastroenteritis	11/03/2011	FHI98	FHI98	FHI98	Escherichia coli	Non-O157 STEC	collection date=2011-03-11; collection_date=2011-03-11; ena first public=2014-09-30; ena last update=2016-10-21; ena-checklist=ERC000028; external id=SAMEA2593976; geo_loc_name=Norway; geographic location=Norway; geographic location (country and/or sea)=Norway; host=Homo sapiens; host health state=Gastroenteritis; host scientific name=Homo sapiens; host_health_state=Gastroenteritis; insdc center alias=NTNU; insdc center name=NTNU; insdc first public=2014-09-30T17:11:55Z; insdc last update=2016-10-21T09:44:54Z; insdc status=public; isolation source=Human faeces; isolation_source=Human faeces; sample name=FHI98; sample_name=FHI98; strain=FHI98; submitter id=FHI98		GCA_000937415.1	GCA_000937415.1	A	LM997367.1	LM997367.1:217-3177	stx2b
GCA_001012495.1	342491	GCA_001012495.1[Assembly Accession]	GCF_001012495.1	SAMN03455850	SAMN03455850	3455850	USA	cattle	Unknown	Unknown	Unknown	1999	CFSAN026835	Unknown	CFSAN026835	Escherichia coli	Pathogen: environmental/food/other sample from Escherichia coli	collected by=KSU; collected_by=KSU; collection date=1999; collection_date=1999; geo_loc_name=USA; geographic location=USA; host disease=Unknown; host_disease=Unknown; ifsac+ category=cow; ifsac_category=cow; interagency food safety analytics collaboration (ifsac) category=cow; isolate name alias=12662-2; isolate_name_alias=12662-2; isolation source=cattle; isolation_source=cattle; lat_lon=Unknown; latitude and longitude=Unknown; ontological term=cattle:foodon_03411161; project name=GenomeTrakr; project_name=GenomeTrakr; sequenced by=FDA Center for Food Safety and Applied Nutrition; sequenced_by=FDA Center for Food Safety and Applied Nutrition; serovar=109; source type=animal; source_type=animal; strain=CFSAN026835		GCA_001012495.1	GCA_001012495.1	A	LDCZ01000057.1	LDCZ01000057.1:1-23	stx1a
GCA_001012505.1	342501	GCA_001012505.1[Assembly Accession]	GCF_001012505.1	SAMN03455851	SAMN03455851	3455851	USA	water pond	Unknown	Unknown	Unknown	1999	CFSAN026836	Unknown	CFSAN026836	Escherichia coli	Pathogen: environmental/food/other sample from Escherichia coli	attribute_package=environmental/food/other; collected by=KSU; collected_by=KSU; collection date=1999; collection_date=1999; geo_loc_name=USA; geographic location=USA; host disease=Unknown; host_disease=Unknown; ifsac+ category=environmental-water; ifsac_category=environmental-water; interagency food safety analytics collaboration (ifsac) category=environmental-water; isolate name alias=15166-1; isolate_name_alias=15166-1; isolation source=water pond; isolation_source=water pond; lat_lon=Unknown; latitude and longitude=Unknown; ontological term=pond water:envo_00002228; project name=GenomeTrakr; project_name=GenomeTrakr; sequenced by=FDA Center for Food Safety and Applied Nutrition; sequenced_by=FDA Center for Food Safety and Applied Nutrition; serovar=109; source type=environmental; source_type=environmental; strain=CFSAN026836		GCA_001012505.1	GCA_001012505.1	A	LDCY01000073.1	LDCY01000073.1:3-24	stx1a
GCA_000753215.1	209981	GCA_000753215.1[Assembly Accession]	GCF_000753215.1	SAMEA2593919	SAMEA2593919	3090426	Norway	Human faeces	Homo sapiens	Unknown	Bloody diarrhoea	06/05/2009	FHI36	FHI36	FHI36	Escherichia coli	Non-O157 STEC	collection date=2009-05-06; collection_date=2009-05-06; ena first public=2014-09-30; ena last update=2016-10-21; ena-checklist=ERC000028; external id=SAMEA2593919; geo_loc_name=Norway; geographic location=Norway; geographic location (country and/or sea)=Norway; host=Homo sapiens; host health state=Bloody diarrhoea; host scientific name=Homo sapiens; host_health_state=Bloody diarrhoea; insdc center alias=NTNU; insdc center name=NTNU; insdc first public=2014-09-30T17:11:52Z; insdc last update=2016-10-21T09:45:02Z; insdc status=public; isolation source=Human faeces; isolation_source=Human faeces; sample name=FHI36; sample_name=FHI36; serovar=26; strain=FHI36; submitter id=FHI36		GCA_000753215.1	GCA_000753215.1	C	CCPV01000170.1	CCPV01000170.1:1-37	stx2a
GCA_003017805.1	1650941	GCA_003017805.1[Assembly Accession]	GCF_003017805.1	SAMN08579560	SAMN08579560	8579560	USA	Unknown	Homo sapiens	Unknown	Unknown	2013-10	2013C-4830	Unknown	2013C-4830	Escherichia coli	Pathogen: clinical or host-associated sample from Escherichia coli	collected by=Unknown; collected_by=Unknown; collection date=2013-10; collection_date=2013-10; geo_loc_name=USA; geographic location=USA; host=Homo sapiens; host disease=Unknown; host_disease=Unknown; isolation source=Unknown; isolation_source=Unknown; lat_lon=Unknown; latitude and longitude=Unknown; pathotype=STEC; serotype=O165:H25; strain=2013C-4830		GCA_003017805.1	GCA_003017805.1	B1	CP027325.1	CP027325.1:1799894-	stx1a
GCA_003017805.1	1650941	GCA_003017805.1[Assembly Accession]	GCF_003017805.1	SAMN08579560	SAMN08579560	8579560	USA	Unknown	Homo sapiens	Unknown	Unknown	2013-10	2013C-4830	Unknown	2013C-4830	Escherichia coli	Pathogen: clinical or host-associated sample from Escherichia coli	collected by=Unknown; collected_by=Unknown; collection date=2013-10; collection_date=2013-10; geo_loc_name=USA; geographic location=USA; host=Homo sapiens; host disease=Unknown; host_disease=Unknown; isolation source=Unknown; isolation_source=Unknown; lat_lon=Unknown; latitude and longitude=Unknown; pathotype=STEC; serotype=O165:H25; strain=2013C-4830		GCA_003017805.1	GCA_003017805.1	B1	CP027325.1	CP027325.1:3407245-	stx2a
GCA_001420935.1	571841	GCA_001420935.1[Assembly Accession]	GCF_001420935.1	SAMN03952643	SAMN03952643	3952643	USA	Unknown	Homo sapiens	Unknown	Unknown	2012	2012C-4227	Unknown	2012C-4227	Escherichia coli	Pathogen: clinical or host-associated sample from Escherichia coli	collected by=CDC; collected_by=CDC; collection date=2012; collection_date=2012; geo_loc_name=USA; geographic location=USA; host=Homo sapiens; host disease=Unknown; host_disease=Unknown; isolation source=Unknown; isolation_source=Unknown; lat_lon=Unknown; latitude and longitude=Unknown; serotype=O165:H25; strain=2012C-4227		GCA_001420935.1	GCA_001420935.1	B1	CP013029.1	CP013029.1:1992203-	stx2a
GCA_001420935.1	571841	GCA_001420935.1[Assembly Accession]	GCF_001420935.1	SAMN03952643	SAMN03952643	3952643	USA	Unknown	Homo sapiens	Unknown	Unknown	2012	2012C-4227	Unknown	2012C-4227	Escherichia coli	Pathogen: clinical or host-associated sample from Escherichia coli	collected by=CDC; collected_by=CDC; collection date=2012; collection_date=2012; geo_loc_name=USA; geographic location=USA; host=Homo sapiens; host disease=Unknown; host_disease=Unknown; isolation source=Unknown; isolation_source=Unknown; lat_lon=Unknown; latitude and longitude=Unknown; serotype=O165:H25; strain=2012C-4227		GCA_001420935.1	GCA_001420935.1	B1	CP013029.1	CP013029.1:399261-4	stx1a
GCA_000008865.2	1755381	GCA_000008865.2[Assembly Accession]	GCF_000008865.2	SAMN01911278	SAMN01911278	1911278	Japan: Sakai City, Osaka prefecture	Human intestinal microflora	Homo sapiens	Hemorrhagic colitis, HUS	Unknown	1996	SAKAI (EHEC)	Unknown	Escherichia coli O157:H7 str. Sakai	Escherichia coli O157:H7 str. Sakai	Bacterial, clinical or host-associated sample for Escherichia coli O157:H7 str. SAKAI (EHEC)	collected by=M Yoh, T Honda; collected_by=M Yoh, T Honda; collection date=1996; collection_date=1996; culture collection=ATCC:BAA-460; culture_collection=ATCC:BAA-460; genbank=BA000007; geo_loc_name=Japan: Sakai City, Osaka prefecture; geographic location=Japan: Sakai City, Osaka prefecture; gold=Gc00046; host=Homo sapiens; host description=typical patient during the Sakai outbreak; host disease=Hemorrhagic colitis, HUS; host tissue sampled=Human feces; host_description=typical patient during the Sakai outbreak; host_disease=Hemorrhagic colitis, HUS; host_tissue_sampled=Human feces; isolation source=Human intestinal microflora; isolation_source=Human intestinal microflora; lat_lon=Unknown; latitude and longitude=Unknown; pathotype=EHEC, STEC; refseq=NC_002695; sequencing center=RIKEN; serotype=E. coli O157:H7; specific_host=Homo sapiens; strain=SAKAI (EHEC)		GCA_000008865.2	GCA_000008865.2	E	NC_002695.2	NC_002695.2:1246045	stx2a
GCA_000008865.2	1755381	GCA_000008865.2[Assembly Accession]	GCF_000008865.2	SAMN01911278	SAMN01911278	1911278	Japan: Sakai City, Osaka prefecture	Human intestinal microflora	Homo sapiens	Hemorrhagic colitis, HUS	Unknown	1996	SAKAI (EHEC)	Unknown	Escherichia coli O157:H7 str. Sakai	Escherichia coli O157:H7 str. Sakai	Bacterial, clinical or host-associated sample for Escherichia coli O157:H7 str. SAKAI (EHEC)	collected by=M Yoh, T Honda; collected_by=M Yoh, T Honda; collection date=1996; collection_date=1996; culture collection=ATCC:BAA-460; culture_collection=ATCC:BAA-460; genbank=BA000007; geo_loc_name=Japan: Sakai City, Osaka prefecture; geographic location=Japan: Sakai City, Osaka prefecture; gold=Gc00046; host=Homo sapiens; host description=typical patient during the Sakai outbreak; host disease=Hemorrhagic colitis, HUS; host tissue sampled=Human feces; host_description=typical patient during the Sakai outbreak; host_disease=Hemorrhagic colitis, HUS; host_tissue_sampled=Human feces; isolation source=Human intestinal microflora; isolation_source=Human intestinal microflora; lat_lon=Unknown; latitude and longitude=Unknown; pathotype=EHEC, STEC; refseq=NC_002695; sequencing center=RIKEN; serotype=E. coli O157:H7; specific_host=Homo sapiens; strain=SAKAI (EHEC)		GCA_000008865.2	GCA_000008865.2	E	NC_002695.2	NC_002695.2:2890953	stx1a
GCA_000732965.1	199821	GCA_000732965.1[Assembly Accession]	GCF_000732965.1	SAMN02905113	SAMN02905113	2905113	Unknown	Unknown	Unknown	Unknown	Unknown	Unknown	EDL933	Unknown	EDL933wt	Escherichia coli O157:H7 str. EDL933	Genome Sequence Update for Escherichia coli O157:H7	age=Unknown; biomaterial provider=ATCC 700927; biomaterial_provider=ATCC 700927; sex=Unknown; strain=EDL933; tissue=Unknown		GCA_000732965.1	GCA_000732965.1 	E	NZ_CP008957.1	NZ_CP008957.1:13333	stx2a
GCA_000732965.1	199821	GCA_000732965.1[Assembly Accession]	GCF_000732965.1	SAMN02905113	SAMN02905113	2905113	Unknown	Unknown	Unknown	Unknown	Unknown	Unknown	EDL933	Unknown	EDL933wt	Escherichia coli O157:H7 str. EDL933	Genome Sequence Update for Escherichia coli O157:H7	age=Unknown; biomaterial provider=ATCC 700927; biomaterial_provider=ATCC 700927; sex=Unknown; strain=EDL933; tissue=Unknown		GCA_000732965.1	GCA_000732965.1 	E	NZ_CP008957.1	NZ_CP008957.1:29791	stx1a
GCA_000671295.1	168651	GCA_000671295.1[Assembly Accession]	GCF_000671295.1	SAMN03081527	SAMN03081527	3081527	USA	lettuce	Unknown	Unknown	Unknown	Unknown	RM12581	Unknown	Unknown	Escherichia coli O145:H28 str. RM12581	Sample from Escherichia coli O145:H28 str. RM12581	country=USA; geo_loc_name=USA; geographic location=USA; isolation source=lettuce; isolation-source=lettuce; isolation_source=lettuce; serotype=O145:H28; strain=RM12581		GCA_000671295.1	GCA_000671295.1	E	NZ_CP007136.1	NZ_CP007136.1:30202	stx2a
GCA_000520035.1	92701	GCA_000520035.1[Assembly Accession]	GCF_000520035.1	SAMN02641383	SAMN02641383	2641383	USA	feces; clinical sample	Homo sapiens	Unknown	Unknown	Unknown	RM13514	Unknown	CP006027	Escherichia coli O145:H28 str. RM13514	Pathogen: clinical or host-associated sample from Escherichia coli O145:H28 str. RM13514	collected by=Unknown; collected_by=Unknown; collection date=Unknown; collection_date=Unknown; geo_loc_name=USA; geographic location=USA; host=Homo sapiens; host disease=Unknown; host_disease=Unknown; isolation source=feces; clinical sample; isolation-source=feces; clinical sample; isolation_source=feces; clinical sample; lat_lon=Unknown; latitude and longitude=Unknown; serotype=O145:H28; strain=RM13514		GCA_000520035.1	GCA_000520035.1	E	NZ_CP006027.1	NZ_CP006027.1:30202	stx2a
GCA_002844165.1	1492491	GCA_002844165.1[Assembly Accession]	GCF_002844165.1	SAMN07339706	SAMN07339706	7339706	Canada: Saskatchewan	Flour	Unknown	Unknown	Unknown	2016	16-9255	Unknown	16-9255	Escherichia coli O121:H19	Pathogen: environmental/food/other sample from Escherichia coli	collected by=Saskatchewan Public Health; collected_by=Saskatchewan Public Health; collection date=2016; collection_date=2016; dawn=Daku; geo_loc_name=Canada: Saskatchewan; geographic location=Canada: Saskatchewan; isolation source=Flour; isolation_source=Flour; lat_lon=52.05 N 106.39 W; latitude and longitude=52.05 N 106.39 W; paul=Levett; serovar=O121:H19; strain=16-9255		GCA_002844165.1	GCA_002844165.1	B1	NZ_CP022407.1	NZ_CP022407.1:53506	stx2a
GCA_005171095.1	2765161	GCA_005171095.1[Assembly Accession]	GCF_005171095.1	SAMN08768112	SAMN08768112	8768112	Canada:Ontario	Domesticated, Livestock: Bovine: animal manure: agricultural - farm	bovine	Unknown	Unknown	2004	FWSEC0011	Unknown	FWSEC0011	Escherichia coli O113:H21	Pathogen: environmental/food/other sample from Escherichia coli O113:H21	collected by=Laboratory for Foodborne Zoonoses: Public Health Agency of Canada; collected_by=Laboratory for Foodborne Zoonoses: Public Health Agency of Canada; collection date=2004; collection_date=2004; geo_loc_name=Canada:Ontario; geographic location=Canada:Ontario; host=bovine; isolation source=Domesticated, Livestock: Bovine: animal manure: agricultural - farm; isolation_source=Domesticated, Livestock: Bovine: animal manure: agricultural - farm; lat_lon=Unknown; latitude and longitude=Unknown; serotype=O113:H21; strain=FWSEC0011		GCA_005171095.1	GCA_005171095.1	B1	NZ_CP031892.1	NZ_CP031892.1:46178	stx2d
GCA_005014055.1	2686771	GCA_005014055.1[Assembly Accession]	GCF_005014055.1	SAMN08768111	SAMN08768111	8768111	Canada	Clinical: Human (Homo sapiens)	Homo sapiens	Unknown	Unknown	1991	FWSEC0010	Unknown	FWSEC0010	Escherichia coli O113:H21	Pathogen: clinical or host-associated sample from Escherichia coli O113:H21	collected by=Laboratory for Foodborne Zoonoses: Public Health Agency of Canada; collected_by=Laboratory for Foodborne Zoonoses: Public Health Agency of Canada; collection date=1991; collection_date=1991; geo_loc_name=Canada; geographic location=Canada; host=Homo sapiens; host disease=Unknown; host_disease=Unknown; isolation source=Clinical: Human (Homo sapiens); isolation_source=Clinical: Human (Homo sapiens); lat_lon=Unknown; latitude and longitude=Unknown; serotype=O113:H21; strain=FWSEC0010		GCA_005014055.1	GCA_005014055.1	B1	NZ_CP031898.1	NZ_CP031898.1:23244	stx2d
GCA_005014055.1	2686771	GCA_005014055.1[Assembly Accession]	GCF_005014055.1	SAMN08768111	SAMN08768111	8768111	Canada	Clinical: Human (Homo sapiens)	Homo sapiens	Unknown	Unknown	1991	FWSEC0010	Unknown	FWSEC0010	Escherichia coli O113:H21	Pathogen: clinical or host-associated sample from Escherichia coli O113:H21	collected by=Laboratory for Foodborne Zoonoses: Public Health Agency of Canada; collected_by=Laboratory for Foodborne Zoonoses: Public Health Agency of Canada; collection date=1991; collection_date=1991; geo_loc_name=Canada; geographic location=Canada; host=Homo sapiens; host disease=Unknown; host_disease=Unknown; isolation source=Clinical: Human (Homo sapiens); isolation_source=Clinical: Human (Homo sapiens); lat_lon=Unknown; latitude and longitude=Unknown; serotype=O113:H21; strain=FWSEC0010		GCA_005014055.1	GCA_005014055.1	B1	NZ_CP031898.1	NZ_CP031898.1:28704	stx2a
GCA_000464955.2	1252341	GCA_000464955.2[Assembly Accession]	GCF_000464955.2	SAMN02147037	SAMN02147037	2147037	USA	stool	Homo sapiens	Unknown	Unknown	1994	ATCC BAA-178	Unknown	CFSAN002236	Escherichia coli O104:H21 str. CFSAN002236	Pathogen sample from Escherichia coli O104:H21 str. CFSAN002236	attribute_package=clinical/host-associated; collected by=United States Food and Drug Administration; collected_by=United States Food and Drug Administration; collection date=1994; collection_date=1994; culture collection=ATCC:BAA-178; culture_collection=ATCC:BAA-178; food product origin geographic location=USA:MT; food_origin=USA:MT; geo_loc_name=USA; geographic location=USA; host=Homo sapiens; host disease=Unknown; host-disease=Unknown; host_disease=Unknown; ifsac+ category=clinical/research| human; ifsac_category=clinical/research| human; interagency food safety analytics collaboration (ifsac) category=clinical/research| human; isolate name alias=CFSAN002236; isolate_name_alias=CFSAN002236; isolation source=stool; isolation_source=stool; lat_lon=Unknown; latitude and longitude=Unknown; ontological term=feces:uberon_0001988; outbreak=1994 outbreak; project name=GenomeTrakr; project_name=GenomeTrakr; reference material=Type Strain ATCC:BAA-178; reference_material=Type Strain ATCC:BAA-178; sequenced by=United States Food and Drug Administration| Center for Food Safety and Applied Nutrition; sequenced_by=United States Food and Drug Administration| Center for Food Safety and Applied Nutrition; source type=human; source_type=human; strain=ATCC BAA-178; toxin=Stx2+		GCA_000464955.2	GCA_000464955.2	B1	NZ_CP023541.1	NZ_CP023541.1:30429	stx2a
GCA_005014075.1	2686781	GCA_005014075.1[Assembly Accession]	GCF_005014075.1	SAMN08768110	SAMN08768110	8768110	Germany	Clinical: Human (Homo sapiens)	Homo sapiens	Unknown	Unknown	2011	FWSEC0009	Unknown	FWSEC0009	Escherichia coli O104:H4	Pathogen: clinical or host-associated sample from Escherichia coli O104:H4	collected by=Laboratory for Foodborne Zoonoses: Public Health Agency of Canada; collected_by=Laboratory for Foodborne Zoonoses: Public Health Agency of Canada; collection date=2011; collection_date=2011; geo_loc_name=Germany; geographic location=Germany; host=Homo sapiens; host disease=Unknown; host_disease=Unknown; isolation source=Clinical: Human (Homo sapiens); isolation_source=Clinical: Human (Homo sapiens); lat_lon=Unknown; latitude and longitude=Unknown; serotype=O104:H4; strain=FWSEC0009		GCA_005014075.1	GCA_005014075.1	B1	NZ_CP031902.1	NZ_CP031902.1:32580	stx2a
GCA_002983645.1	1624131	GCA_002983645.1[Assembly Accession]	GCF_002983645.1	SAMN06173362	SAMN06173362	6173362	Germany	stool	Homo sapiens	Hemolytic uremic syndrome	Unknown	2001	FDAARGOS_349	Unknown	FDAARGOS_349	Escherichia coli	Pathogen: clinical or host-associated sample from Escherichia coli	collected by=USAMRIID < Bundeswehr Inst. Microbiology; collected_by=USAMRIID < Bundeswehr Inst. Microbiology; collection date=2001; collection_date=2001; culture collection=FDA:FDAARGOS_349; culture_collection=FDA:FDAARGOS_349; geo_loc_name=Germany; geographic location=Germany; host=Homo sapiens; host age=37Y; host description=Unknown; host disease=Hemolytic uremic syndrome; host disease outcome=Unknown; host disease stage=Unknown; host health state=Unknown; host sex=female; host_age=37Y; host_description=Unknown; host_disease=Hemolytic uremic syndrome; host_disease_outcome=Unknown; host_disease_stage=Unknown; host_health_state=Unknown; host_sex=female; identification method=Phenotypic characterization; isolate=Unknown; isolate name alias=FDAARGOS_349; isolate_name_alias=FDAARGOS_349; isolation source=stool; isolation_source=stool; lat_lon=Unknown; latitude and longitude=Unknown; serotype=O104:H4; strain=FDAARGOS_349; strain_name_alias=FDAARGOS_349		GCA_002983645.1	GCA_002983645.1	B1	NZ_CP027394.1	NZ_CP027394.1:49968	stx2a
GCA_005037795.1	2698631	GCA_005037795.1[Assembly Accession]	GCA_005037795.1	SAMN08768108	SAMN08768108	8768108	Canada:Manitoba,Winnipeg	Clinical: Human (Homo sapiens)	Homo sapiens	Unknown	Unknown	2004	FWSEC0007	Unknown	FWSEC0007	Escherichia coli O103:H2	Pathogen: clinical or host-associated sample from Escherichia coli O103:H2	collected by=National Microbiology Laboratory: Public Health Agency of Canada; collected_by=National Microbiology Laboratory: Public Health Agency of Canada; collection date=2004; collection_date=2004; geo_loc_name=Canada:Manitoba,Winnipeg; geographic location=Canada:Manitoba,Winnipeg; host=Homo sapiens; host disease=Unknown; host_disease=Unknown; isolation source=Clinical: Human (Homo sapiens); isolation_source=Clinical: Human (Homo sapiens); lat_lon=Unknown; latitude and longitude=Unknown; serotype=O103:H2; strain=FWSEC0007		GCA_005037795.1	GCA_005037795.1	B1	NZ_CP031908.1	NZ_CP031908.1:32619	stx1a
GCA_000010745.1	104028	GCA_000010745.1[Assembly Accession]	GCF_000010745.1	SAMD00060956	SAMD00060956	5831759	Unknown	Unknown	Unknown	Unknown	Unknown	Unknown	12009	AP010958-AP010959	Unknown	Escherichia coli O103:H2 str. 12009	Generic sample from Escherichia coli O103:H2 str. 12009	sample name=AP010958-AP010959; sample_name=AP010958-AP010959; serovar=O103:H2; strain=12009		GCA_000010745.1	GCA_000010745.1	B1	NC_013353.1	NC_013353.1:1268820	stx2a
GCA_000010745.1	104028	GCA_000010745.1[Assembly Accession]	GCF_000010745.1	SAMD00060956	SAMD00060956	5831759	Unknown	Unknown	Unknown	Unknown	Unknown	Unknown	12009	AP010958-AP010959	Unknown	Escherichia coli O103:H2 str. 12009	Generic sample from Escherichia coli O103:H2 str. 12009	sample name=AP010958-AP010959; sample_name=AP010958-AP010959; serovar=O103:H2; strain=12009		GCA_000010745.1	GCA_000010745.1	B1	NC_013353.1	NC_013353.1:1268820	stx1a
GCA_000010745.1	104028	GCA_000010745.1[Assembly Accession]	GCF_000010745.1	SAMD00060956	SAMD00060956	5831759	Unknown	Unknown	Unknown	Unknown	Unknown	Unknown	12009	AP010958-AP010959	Unknown	Escherichia coli O103:H2 str. 12009	Generic sample from Escherichia coli O103:H2 str. 12009	sample name=AP010958-AP010959; sample_name=AP010958-AP010959; serovar=O103:H2; strain=12009		GCA_000010745.1	GCA_000010745.1	B1	NC_013353.1	NC_013353.1:1445519	stx2a
GCA_000010745.1	104028	GCA_000010745.1[Assembly Accession]	GCF_000010745.1	SAMD00060956	SAMD00060956	5831759	Unknown	Unknown	Unknown	Unknown	Unknown	Unknown	12009	AP010958-AP010959	Unknown	Escherichia coli O103:H2 str. 12009	Generic sample from Escherichia coli O103:H2 str. 12009	sample name=AP010958-AP010959; sample_name=AP010958-AP010959; serovar=O103:H2; strain=12009		GCA_000010745.1	GCA_000010745.1	B1	NC_013353.1	NC_013353.1:1445519	stx1a
GCA_000010745.1	104028	GCA_000010745.1[Assembly Accession]	GCF_000010745.1	SAMD00060956	SAMD00060956	5831759	Unknown	Unknown	Unknown	Unknown	Unknown	Unknown	12009	AP010958-AP010959	Unknown	Escherichia coli O103:H2 str. 12009	Generic sample from Escherichia coli O103:H2 str. 12009	sample name=AP010958-AP010959; sample_name=AP010958-AP010959; serovar=O103:H2; strain=12009		GCA_000010745.1	GCA_000010745.1	B1	NC_013353.1	NC_013353.1:1948259	stx2a
GCA_000010745.1	104028	GCA_000010745.1[Assembly Accession]	GCF_000010745.1	SAMD00060956	SAMD00060956	5831759	Unknown	Unknown	Unknown	Unknown	Unknown	Unknown	12009	AP010958-AP010959	Unknown	Escherichia coli O103:H2 str. 12009	Generic sample from Escherichia coli O103:H2 str. 12009	sample name=AP010958-AP010959; sample_name=AP010958-AP010959; serovar=O103:H2; strain=12009		GCA_000010745.1	GCA_000010745.1	B1	NC_013353.1	NC_013353.1:1948259	stx1a
GCA_000010745.1	104028	GCA_000010745.1[Assembly Accession]	GCF_000010745.1	SAMD00060956	SAMD00060956	5831759	Unknown	Unknown	Unknown	Unknown	Unknown	Unknown	12009	AP010958-AP010959	Unknown	Escherichia coli O103:H2 str. 12009	Generic sample from Escherichia coli O103:H2 str. 12009	sample name=AP010958-AP010959; sample_name=AP010958-AP010959; serovar=O103:H2; strain=12009		GCA_000010745.1	GCA_000010745.1	B1	NC_013353.1	NC_013353.1:2128289	stx2a
GCA_000010745.1	104028	GCA_000010745.1[Assembly Accession]	GCF_000010745.1	SAMD00060956	SAMD00060956	5831759	Unknown	Unknown	Unknown	Unknown	Unknown	Unknown	12009	AP010958-AP010959	Unknown	Escherichia coli O103:H2 str. 12009	Generic sample from Escherichia coli O103:H2 str. 12009	sample name=AP010958-AP010959; sample_name=AP010958-AP010959; serovar=O103:H2; strain=12009		GCA_000010745.1	GCA_000010745.1	B1	NC_013353.1	NC_013353.1:2128289	stx1a
GCA_000010745.1	104028	GCA_000010745.1[Assembly Accession]	GCF_000010745.1	SAMD00060956	SAMD00060956	5831759	Unknown	Unknown	Unknown	Unknown	Unknown	Unknown	12009	AP010958-AP010959	Unknown	Escherichia coli O103:H2 str. 12009	Generic sample from Escherichia coli O103:H2 str. 12009	sample name=AP010958-AP010959; sample_name=AP010958-AP010959; serovar=O103:H2; strain=12009		GCA_000010745.1	GCA_000010745.1	B1	NC_013353.1	NC_013353.1:2284149	stx2a
GCA_000010745.1	104028	GCA_000010745.1[Assembly Accession]	GCF_000010745.1	SAMD00060956	SAMD00060956	5831759	Unknown	Unknown	Unknown	Unknown	Unknown	Unknown	12009	AP010958-AP010959	Unknown	Escherichia coli O103:H2 str. 12009	Generic sample from Escherichia coli O103:H2 str. 12009	sample name=AP010958-AP010959; sample_name=AP010958-AP010959; serovar=O103:H2; strain=12009		GCA_000010745.1	GCA_000010745.1	B1	NC_013353.1	NC_013353.1:2284149	stx1a
GCA_000010745.1	104028	GCA_000010745.1[Assembly Accession]	GCF_000010745.1	SAMD00060956	SAMD00060956	5831759	Unknown	Unknown	Unknown	Unknown	Unknown	Unknown	12009	AP010958-AP010959	Unknown	Escherichia coli O103:H2 str. 12009	Generic sample from Escherichia coli O103:H2 str. 12009	sample name=AP010958-AP010959; sample_name=AP010958-AP010959; serovar=O103:H2; strain=12009		GCA_000010745.1	GCA_000010745.1	B1	NC_013353.1	NC_013353.1:2318051	stx2a
GCA_000010745.1	104028	GCA_000010745.1[Assembly Accession]	GCF_000010745.1	SAMD00060956	SAMD00060956	5831759	Unknown	Unknown	Unknown	Unknown	Unknown	Unknown	12009	AP010958-AP010959	Unknown	Escherichia coli O103:H2 str. 12009	Generic sample from Escherichia coli O103:H2 str. 12009	sample name=AP010958-AP010959; sample_name=AP010958-AP010959; serovar=O103:H2; strain=12009		GCA_000010745.1	GCA_000010745.1	B1	NC_013353.1	NC_013353.1:2318051	stx1a
GCA_000010745.1	104028	GCA_000010745.1[Assembly Accession]	GCF_000010745.1	SAMD00060956	SAMD00060956	5831759	Unknown	Unknown	Unknown	Unknown	Unknown	Unknown	12009	AP010958-AP010959	Unknown	Escherichia coli O103:H2 str. 12009	Generic sample from Escherichia coli O103:H2 str. 12009	sample name=AP010958-AP010959; sample_name=AP010958-AP010959; serovar=O103:H2; strain=12009		GCA_000010745.1	GCA_000010745.1	B1	NC_013353.1	NC_013353.1:2860699	stx2a
GCA_000010745.1	104028	GCA_000010745.1[Assembly Accession]	GCF_000010745.1	SAMD00060956	SAMD00060956	5831759	Unknown	Unknown	Unknown	Unknown	Unknown	Unknown	12009	AP010958-AP010959	Unknown	Escherichia coli O103:H2 str. 12009	Generic sample from Escherichia coli O103:H2 str. 12009	sample name=AP010958-AP010959; sample_name=AP010958-AP010959; serovar=O103:H2; strain=12009		GCA_000010745.1	GCA_000010745.1	B1	NC_013353.1	NC_013353.1:2860699	stx1a
GCA_000010745.1	104028	GCA_000010745.1[Assembly Accession]	GCF_000010745.1	SAMD00060956	SAMD00060956	5831759	Unknown	Unknown	Unknown	Unknown	Unknown	Unknown	12009	AP010958-AP010959	Unknown	Escherichia coli O103:H2 str. 12009	Generic sample from Escherichia coli O103:H2 str. 12009	sample name=AP010958-AP010959; sample_name=AP010958-AP010959; serovar=O103:H2; strain=12009		GCA_000010745.1	GCA_000010745.1	B1	NC_013353.1	NC_013353.1:3139840	stx1a
GCA_000010745.1	104028	GCA_000010745.1[Assembly Accession]	GCF_000010745.1	SAMD00060956	SAMD00060956	5831759	Unknown	Unknown	Unknown	Unknown	Unknown	Unknown	12009	AP010958-AP010959	Unknown	Escherichia coli O103:H2 str. 12009	Generic sample from Escherichia coli O103:H2 str. 12009	sample name=AP010958-AP010959; sample_name=AP010958-AP010959; serovar=O103:H2; strain=12009		GCA_000010745.1	GCA_000010745.1	B1	NC_013353.1	NC_013353.1:5364003	stx1a
GCA_000010745.1	104028	GCA_000010745.1[Assembly Accession]	GCF_000010745.1	SAMD00060956	SAMD00060956	5831759	Unknown	Unknown	Unknown	Unknown	Unknown	Unknown	12009	AP010958-AP010959	Unknown	Escherichia coli O103:H2 str. 12009	Generic sample from Escherichia coli O103:H2 str. 12009	sample name=AP010958-AP010959; sample_name=AP010958-AP010959; serovar=O103:H2; strain=12009		GCA_000010745.1	GCA_000010745.1	B1	NC_013353.1	NC_013353.1:571907-	stx2a
GCA_000010745.1	104028	GCA_000010745.1[Assembly Accession]	GCF_000010745.1	SAMD00060956	SAMD00060956	5831759	Unknown	Unknown	Unknown	Unknown	Unknown	Unknown	12009	AP010958-AP010959	Unknown	Escherichia coli O103:H2 str. 12009	Generic sample from Escherichia coli O103:H2 str. 12009	sample name=AP010958-AP010959; sample_name=AP010958-AP010959; serovar=O103:H2; strain=12009		GCA_000010745.1	GCA_000010745.1	B1	NC_013353.1	NC_013353.1:571907-	stx1a
GCA_000010745.1	104028	GCA_000010745.1[Assembly Accession]	GCF_000010745.1	SAMD00060956	SAMD00060956	5831759	Unknown	Unknown	Unknown	Unknown	Unknown	Unknown	12009	AP010958-AP010959	Unknown	Escherichia coli O103:H2 str. 12009	Generic sample from Escherichia coli O103:H2 str. 12009	sample name=AP010958-AP010959; sample_name=AP010958-AP010959; serovar=O103:H2; strain=12009		GCA_000010745.1	GCA_000010745.1	B1	NC_013353.1	NC_013353.1:838701-	stx2a
GCA_000010745.1	104028	GCA_000010745.1[Assembly Accession]	GCF_000010745.1	SAMD00060956	SAMD00060956	5831759	Unknown	Unknown	Unknown	Unknown	Unknown	Unknown	12009	AP010958-AP010959	Unknown	Escherichia coli O103:H2 str. 12009	Generic sample from Escherichia coli O103:H2 str. 12009	sample name=AP010958-AP010959; sample_name=AP010958-AP010959; serovar=O103:H2; strain=12009		GCA_000010745.1	GCA_000010745.1	B1	NC_013353.1	NC_013353.1:838701-	stx1a
GCA_005037775.1	2698621	GCA_005037775.1[Assembly Accession]	GCA_005037775.1	SAMN08768109	SAMN08768109	8768109	Germany	Clinical: Human (Homo sapiens)	Homo sapiens	Unknown	Unknown	1989	FWSEC0008	Unknown	FWSEC0008	Escherichia coli O91:H21	Pathogen: clinical or host-associated sample from Escherichia coli O91:H21	collected by=Laboratory for Foodborne Zoonoses: Public Health Agency of Canada; collected_by=Laboratory for Foodborne Zoonoses: Public Health Agency of Canada; collection date=1989; collection_date=1989; geo_loc_name=Germany; geographic location=Germany; host=Homo sapiens; host disease=Unknown; host_disease=Unknown; isolation source=Clinical: Human (Homo sapiens); isolation_source=Clinical: Human (Homo sapiens); lat_lon=Unknown; latitude and longitude=Unknown; serotype=O91:H21; strain=FWSEC0008		GCA_005037775.1	GCA_005037775.1	B1	NZ_CP031906.1	NZ_CP031906.1:28205	stx2a
GCA_005037775.1	2698621	GCA_005037775.1[Assembly Accession]	GCA_005037775.1	SAMN08768109	SAMN08768109	8768109	Germany	Clinical: Human (Homo sapiens)	Homo sapiens	Unknown	Unknown	1989	FWSEC0008	Unknown	FWSEC0008	Escherichia coli O91:H21	Pathogen: clinical or host-associated sample from Escherichia coli O91:H21	collected by=Laboratory for Foodborne Zoonoses: Public Health Agency of Canada; collected_by=Laboratory for Foodborne Zoonoses: Public Health Agency of Canada; collection date=1989; collection_date=1989; geo_loc_name=Germany; geographic location=Germany; host=Homo sapiens; host disease=Unknown; host_disease=Unknown; isolation source=Clinical: Human (Homo sapiens); isolation_source=Clinical: Human (Homo sapiens); lat_lon=Unknown; latitude and longitude=Unknown; serotype=O91:H21; strain=FWSEC0008		GCA_005037775.1	GCA_005037775.1	B1	NZ_CP031906.1	NZ_CP031906.1:30135	stx2d
GCA_005037775.1	2698621	GCA_005037775.1[Assembly Accession]	GCA_005037775.1	SAMN08768109	SAMN08768109	8768109	Germany	Clinical: Human (Homo sapiens)	Homo sapiens	Unknown	Unknown	1989	FWSEC0008	Unknown	FWSEC0008	Escherichia coli O91:H21	Pathogen: clinical or host-associated sample from Escherichia coli O91:H21	collected by=Laboratory for Foodborne Zoonoses: Public Health Agency of Canada; collected_by=Laboratory for Foodborne Zoonoses: Public Health Agency of Canada; collection date=1989; collection_date=1989; geo_loc_name=Germany; geographic location=Germany; host=Homo sapiens; host disease=Unknown; host_disease=Unknown; isolation source=Clinical: Human (Homo sapiens); isolation_source=Clinical: Human (Homo sapiens); lat_lon=Unknown; latitude and longitude=Unknown; serotype=O91:H21; strain=FWSEC0008		GCA_005037775.1	GCA_005037775.1	B1	NZ_CP031906.1	NZ_CP031906.1:44888	stx2d
GCA_000091005.1	274238	GCA_000091005.1[Assembly Accession]	GCF_000091005.1	SAMD00060955	SAMD00060955	5831758	Unknown	Unknown	Unknown	Unknown	Unknown	Unknown	11368	AP010953-AP010957	Unknown	Escherichia coli O26:H11 str. 11368	Generic sample from Escherichia coli O26:H11 str. 11368	sample name=AP010953-AP010957; sample_name=AP010953-AP010957; serovar=O26:H11; strain=11368		GCA_000091005.1	GCA_000091005.1	B1	NC_013361.1	NC_013361.1:1556746	stx1a
